{ "compressionlevel":-1,
 "height":18,
 "infinite":false,
 "layers":[
        {
         "data":[0, 0, 0, 0, 0, 0, 0, 0, 0, 0, 0, 0, 0, 0, 0, 0, 0, 0, 0, 0, 0,
            0, 0, 0, 0, 0, 0, 0, 0, 0, 0, 0, 0, 0, 0, 0, 0, 0, 0, 0, 0, 0,
            0, 0, 0, 0, 0, 0, 0, 0, 0, 0, 0, 0, 0, 0, 0, 0, 0, 0, 0, 0, 0,
            0, 0, 0, 0, 0, 0, 0, 0, 0, 0, 0, 0, 0, 0, 0, 0, 0, 0, 0, 0, 0,
            0, 0, 0, 0, 0, 0, 0, 0, 0, 0, 0, 0, 0, 0, 0, 0, 0, 0, 0, 0, 0,
            0, 0, 0, 0, 0, 0, 0, 0, 0, 0, 0, 0, 0, 0, 0, 0, 0, 0, 0, 0, 0,
            0, 0, 0, 0, 0, 0, 0, 0, 0, 0, 0, 0, 0, 0, 0, 0, 0, 0, 0, 0, 0,
            0, 0, 0, 0, 0, 0, 0, 0, 0, 0, 0, 0, 0, 0, 0, 0, 0, 0, 0, 0, 0,
            0, 0, 0, 0, 0, 0, 0, 0, 0, 0, 0, 0, 0, 0, 0, 0, 0, 0, 0, 0, 0,
            0, 0, 0, 0, 0, 0, 0, 0, 0, 0, 0, 0, 0, 0, 0, 0, 0, 0, 0, 0, 0,
            0, 0, 0, 0, 0, 0, 0, 0, 0, 0, 0, 0, 0, 0, 0, 0, 0, 0, 0, 0, 0,
            0, 0, 10, 10, 10, 10, 10, 10, 10, 10, 10, 10, 10, 10, 10, 10, 10, 0, 0, 0, 0,
            0, 0, 10, 10, 0, 0, 0, 0, 0, 0, 0, 0, 0, 0, 0, 0, 10, 0, 0, 0, 0,
            0, 0, 10, 10, 0, 0, 0, 0, 0, 0, 0, 0, 0, 0, 0, 0, 10, 0, 0, 0, 0,
            0, 0, 10, 10, 10, 10, 10, 10, 10, 10, 10, 10, 10, 10, 10, 10, 10, 10, 10, 0, 0,
            0, 0, 0, 0, 0, 0, 0, 0, 0, 0, 0, 0, 0, 0, 0, 0, 0, 0, 0, 0, 0,
            0, 0, 0, 0, 0, 0, 0, 0, 0, 0, 0, 0, 0, 0, 0, 0, 0, 0, 0, 0, 0,
            0, 0, 0, 0, 0, 0, 0, 0, 0, 0, 0, 0, 0, 0, 0, 0, 0, 0, 0, 0, 0],
         "height":18,
         "id":1,
         "name":"ground",
         "opacity":1,
         "type":"tilelayer",
         "visible":true,
         "width":21,
         "x":0,
         "y":0
        }, 
        {
         "draworder":"topdown",
         "id":2,
         "name":"blocks",
         "objects":[
                {
                 "gid":10,
                 "height":32,
                 "id":16,
                 "name":"",
                 "rotation":0,
                 "type":"metal",
                 "visible":true,
                 "width":32,
                 "x":128,
                 "y":448
                }, 
                {
                 "gid":10,
                 "height":32,
                 "id":18,
                 "name":"",
                 "rotation":0,
                 "type":"metal",
                 "visible":true,
                 "width":32,
                 "x":159.625,
                 "y":448
                }, 
                {
                 "gid":10,
                 "height":32,
                 "id":19,
                 "name":"",
                 "rotation":0,
                 "type":"metal",
                 "visible":true,
                 "width":32,
                 "x":192.125,
                 "y":448
                }, 
                {
                 "gid":11,
                 "height":32,
                 "id":21,
                 "name":"",
                 "rotation":0,
                 "type":"spike",
                 "visible":true,
                 "width":32,
                 "x":223,
                 "y":448
                }, 
                {
                 "gid":11,
                 "height":32,
                 "id":22,
                 "name":"",
                 "rotation":0,
                 "type":"spike",
                 "visible":true,
                 "width":32,
                 "x":256,
                 "y":448
                }, 
                {
                 "gid":11,
                 "height":32,
                 "id":23,
                 "name":"",
                 "rotation":0,
                 "type":"spike",
                 "visible":true,
                 "width":32,
                 "x":288,
                 "y":448
                }, 
                {
                 "gid":11,
                 "height":32,
                 "id":24,
                 "name":"",
                 "rotation":0,
                 "type":"spike",
                 "visible":true,
                 "width":32,
                 "x":320.5,
                 "y":448
                }, 
                {
                 "gid":11,
                 "height":32,
                 "id":25,
                 "name":"",
                 "rotation":0,
                 "type":"spike",
                 "visible":true,
                 "width":32,
                 "x":353,
                 "y":448
                }, 
                {
                 "gid":10,
                 "height":32,
                 "id":28,
                 "name":"",
                 "rotation":0,
                 "type":"",
                 "visible":true,
                 "width":32,
                 "x":417,
                 "y":448
                }, 
                {
                 "gid":10,
                 "height":32,
                 "id":29,
                 "name":"",
                 "rotation":0,
                 "type":"",
                 "visible":true,
                 "width":32,
                 "x":449.5,
                 "y":447.5
                }, 
                {
                 "gid":10,
                 "height":32,
                 "id":30,
                 "name":"",
                 "rotation":0,
                 "type":"",
                 "visible":true,
                 "width":32,
                 "x":481,
                 "y":448
                }, 
                {
                 "gid":10,
                 "height":32,
                 "id":31,
                 "name":"",
                 "rotation":0,
                 "type":"",
                 "visible":true,
                 "width":32,
                 "x":384.5,
                 "y":447.5
                }],
         "opacity":1,
         "type":"objectgroup",
         "visible":true,
         "x":0,
         "y":0
        }, 
        {
         "draworder":"topdown",
         "id":3,
         "name":"player",
         "objects":[
                {
                 "height":0,
                 "id":35,
                 "name":"player",
                 "point":true,
                 "rotation":0,
                 "type":"",
                 "visible":true,
                 "width":0,
                 "x":149,
                 "y":411.5
                }, 
                {
                 "height":0,
                 "id":36,
                 "name":"goal",
                 "point":true,
                 "rotation":0,
                 "type":"",
                 "visible":true,
                 "width":0,
                 "x":473.5,
                 "y":411.5
                }],
         "opacity":1,
         "type":"objectgroup",
         "visible":true,
         "x":0,
         "y":0
        }],
 "nextlayerid":4,
 "nextobjectid":38,
 "orientation":"orthogonal",
 "renderorder":"right-down",
 "tiledversion":"1.8.4",
 "tileheight":32,
 "tilesets":[
        {
         "firstgid":1,
         "source":"tileset.tsx"
        }],
 "tilewidth":32,
 "type":"map",
 "version":"1.8",
 "width":21
}